Link Producto (href),Nombre Producto,Precio,Acción (Boton),Link Botón Buy (href)
https://millacuatro.empretienda.com.ar/summer/kini/bikini-rio,Bikini rio,43000,Comprar,https://millacuatro.empretienda.com.ar/productos#
https://millacuatro.empretienda.com.ar/sport/catsuit-alo,Catsuit alo,43500,Comprar,https://millacuatro.empretienda.com.ar/productos#
https://millacuatro.empretienda.com.ar/sport/calzas/short-washed,Short washed,26500,Comprar,https://millacuatro.empretienda.com.ar/productos#
https://millacuatro.empretienda.com.ar/sport/calzas/calza-war,Calza war,18000,Comprar,https://millacuatro.empretienda.com.ar/productos#
https://millacuatro.empretienda.com.ar/sport/set/set-north,Set north,30000,Comprar,https://millacuatro.empretienda.com.ar/productos#
https://millacuatro.empretienda.com.ar/sport/calzas/calza-batik,CALZA BATIK,22300,Comprar,https://millacuatro.empretienda.com.ar/productos#
https://millacuatro.empretienda.com.ar/sport/calzas/calza-oxford,CALZA OXFORD,26000,Comprar,https://millacuatro.empretienda.com.ar/productos#
https://millacuatro.empretienda.com.ar/sport/calzas/calza-otawa,Calza otawa,26000,Comprar,https://millacuatro.empretienda.com.ar/productos#
https://millacuatro.empretienda.com.ar/sport/tops/camiseta-nevada,Camiseta Nevada,25500,Comprar,https://millacuatro.empretienda.com.ar/productos#
https://millacuatro.empretienda.com.ar/sport/camperas-buzos/buzo-aspen,Buzo aspen,36000,Comprar,https://millacuatro.empretienda.com.ar/productos#
https://millacuatro.empretienda.com.ar/sport/calzas/calza-munich,Calza munich,26000,Comprar,https://millacuatro.empretienda.com.ar/productos#
https://millacuatro.empretienda.com.ar/sport/tops/top-ica,Top ica,10000,Comprar,https://millacuatro.empretienda.com.ar/productos#
https://millacuatro.empretienda.com.ar/summer/kini/millacuatro,Millacuatro,12000,Comprar,https://millacuatro.empretienda.com.ar/productos#
https://millacuatro.empretienda.com.ar/summer/kini/cali-print,Cali print,18000,,
https://millacuatro.empretienda.com.ar/summer/set/miami,MIAMI,36000,Comprar,https://millacuatro.empretienda.com.ar/productos#
https://millacuatro.empretienda.com.ar/summer/kini/bikini-cali,Bikini Cali,12000,Comprar,https://millacuatro.empretienda.com.ar/productos#
https://millacuatro.empretienda.com.ar/summer/kini/fiji,Fiji,18000,Comprar,https://millacuatro.empretienda.com.ar/productos#
https://millacuatro.empretienda.com.ar/sport/tops/top-killa,Top Killa,20000,Comprar,https://millacuatro.empretienda.com.ar/productos#
https://millacuatro.empretienda.com.ar/summer/kini/laos,Laos,12000,Comprar,https://millacuatro.empretienda.com.ar/productos#
https://millacuatro.empretienda.com.ar/sport/tops/top-winter,TOP WINTER,24000,Comprar,https://millacuatro.empretienda.com.ar/productos#
https://millacuatro.empretienda.com.ar/sport/short-strong,Short strong,15000,Comprar,https://millacuatro.empretienda.com.ar/productos#
https://millacuatro.empretienda.com.ar/summer/kini/love,LOVE,25000,Comprar,https://millacuatro.empretienda.com.ar/productos#
https://millacuatro.empretienda.com.ar/summer/kini/mir,Mir,12000,Comprar,https://millacuatro.empretienda.com.ar/productos#
https://millacuatro.empretienda.com.ar/sport/short-malibu,Short Malibu,20000,Comprar,https://millacuatro.empretienda.com.ar/productos#
https://millacuatro.empretienda.com.ar/summer/kini/bikini-barbie,Bikini Barbie,25000,Comprar,https://millacuatro.empretienda.com.ar/productos#
https://millacuatro.empretienda.com.ar/summer/kini/ocean,Ocean,12000,Comprar,https://millacuatro.empretienda.com.ar/productos#
https://millacuatro.empretienda.com.ar/sport/catsuit-west-corto,CATSUIT WEST CORTO,32000,Comprar,https://millacuatro.empretienda.com.ar/productos#
https://millacuatro.empretienda.com.ar/summer/tote-bag,TOTE BAG,23200,Comprar,https://millacuatro.empretienda.com.ar/productos#
